student_id,enrollment_year,gender,age
1001,2020,M,18
1002,2022,M,20
1003,2021,F,18
1004,2020,M,20
1005,2021,F,18
1006,2020,M,19
1007,2020,F,18
1008,2021,F,20
1009,2022,F,19
1010,2022,F,20
1011,2022,M,20
1012,2021,M,19
1013,2021,F,19
1014,2022,M,20
1015,2021,F,20
1016,2021,F,18
1017,2021,M,20
1018,2020,F,18
1019,2021,M,19
1020,2020,F,20
1021,2021,F,19
1022,2022,M,19
1023,2022,M,18
1024,2022,M,18
1025,2020,F,18
1026,2020,M,18
1027,2022,F,20
1028,2022,F,20
1029,2022,F,18
1030,2022,M,19
1031,2022,M,19
1032,2020,M,20
1033,2022,M,18
1034,2021,F,18
1035,2021,F,20
1036,2020,M,19
1037,2020,M,18
1038,2021,M,18
1039,2020,F,20
1040,2020,M,18
1041,2021,M,18
1042,2020,F,20
1043,2021,M,18
1044,2020,F,20
1045,2022,M,20
1046,2022,F,19
1047,2021,F,19
1048,2022,M,18
1049,2021,M,18
1050,2020,F,19
1051,2022,F,20
1052,2022,M,18
1053,2021,F,20
1054,2022,M,19
1055,2021,F,18
1056,2020,M,19
1057,2022,M,19
1058,2022,M,19
1059,2020,F,18
1060,2021,F,19
1061,2021,M,18
1062,2022,F,18
1063,2020,F,18
1064,2021,M,20
1065,2021,F,19
1066,2020,F,18
1067,2021,F,19
1068,2021,M,20
1069,2020,M,19
1070,2020,M,18
1071,2021,M,20
1072,2022,F,19
1073,2022,M,18
1074,2022,M,20
1075,2021,F,20
1076,2022,M,20
1077,2020,M,20
1078,2021,M,20
1079,2021,M,19
1080,2020,F,20
1081,2022,M,20
1082,2021,M,19
1083,2021,M,19
1084,2021,F,18
1085,2022,F,19
1086,2022,M,18
1087,2022,M,20
1088,2020,M,18
1089,2020,M,20
1090,2021,M,19
1091,2022,M,19
1092,2021,F,19
1093,2021,M,20
1094,2022,M,20
1095,2020,M,19
1096,2021,M,19
1097,2022,M,20
1098,2020,M,20
1099,2022,F,19
1100,2021,M,20
1101,2022,M,18
1102,2022,M,20
1103,2021,F,19
1104,2022,F,18
1105,2020,F,19
1106,2020,M,18
1107,2020,F,20
1108,2020,M,19
1109,2020,F,20
1110,2021,F,19
1111,2021,M,18
1112,2020,M,19
1113,2021,M,20
1114,2021,M,19
1115,2021,M,18
1116,2021,M,19
1117,2022,M,19
1118,2021,F,18
1119,2022,M,18
1120,2020,F,20
1121,2020,M,19
1122,2020,F,18
1123,2022,F,18
1124,2022,M,19
1125,2020,M,20
1126,2022,M,19
1127,2022,F,20
1128,2020,M,19
1129,2020,M,18
1130,2021,M,20
1131,2020,F,18
1132,2020,M,20
1133,2020,M,20
1134,2022,M,20
1135,2020,M,20
1136,2021,M,20
1137,2021,M,20
1138,2022,F,19
1139,2022,M,19
1140,2021,F,19
1141,2021,M,18
1142,2022,M,19
1143,2021,M,20
1144,2022,M,20
1145,2020,M,20
1146,2020,M,20
1147,2020,M,19
1148,2021,M,20
1149,2021,F,20
1150,2020,F,18
1151,2020,M,19
1152,2021,F,19
1153,2022,M,18
1154,2021,M,20
1155,2022,M,19
1156,2022,M,20
1157,2020,M,19
1158,2020,M,19
1159,2022,F,20
1160,2021,F,20
1161,2021,F,20
1162,2022,M,18
1163,2021,F,19
1164,2021,M,20
1165,2020,M,19
1166,2022,M,18
1167,2021,M,19
1168,2020,M,20
1169,2021,M,20
1170,2022,M,20
1171,2020,M,20
1172,2021,M,19
1173,2020,M,20
1174,2020,M,20
1175,2021,M,18
1176,2022,F,20
1177,2021,M,18
1178,2022,F,18
1179,2020,M,18
1180,2021,M,19
1181,2020,F,18
1182,2022,F,20
1183,2021,M,20
1184,2021,F,19
1185,2020,F,20
1186,2021,M,19
1187,2021,M,20
1188,2020,M,19
1189,2021,M,19
1190,2022,M,18
1191,2020,M,20
1192,2020,M,20
1193,2022,M,19
1194,2022,F,20
1195,2020,F,18
1196,2022,F,19
1197,2021,M,19
1198,2021,M,19
1199,2020,M,18
1200,2022,M,18
1201,2022,F,18
1202,2021,F,20
1203,2021,F,20
1204,2021,F,20
1205,2021,M,18
1206,2020,M,19
1207,2020,M,20
1208,2022,F,18
1209,2020,F,19
1210,2021,F,18
1211,2022,F,19
1212,2021,M,20
1213,2022,M,18
1214,2020,M,20
1215,2020,M,18
1216,2020,F,18
1217,2022,F,19
1218,2021,F,19
1219,2021,F,18
1220,2020,M,20
1221,2022,M,18
1222,2021,M,18
1223,2020,F,19
1224,2021,M,19
1225,2022,M,20
1226,2020,F,20
1227,2022,M,20
1228,2022,M,20
1229,2022,M,19
1230,2020,M,19
1231,2022,M,19
1232,2022,F,20
1233,2022,M,20
1234,2022,M,20
1235,2020,F,19
1236,2021,M,18
1237,2020,M,19
1238,2022,M,20
1239,2022,F,18
1240,2021,M,19
1241,2020,F,18
1242,2021,M,18
1243,2021,M,19
1244,2022,M,19
1245,2021,M,18
1246,2022,F,20
1247,2021,M,20
1248,2021,M,20
1249,2022,M,19
1250,2021,F,19
1251,2020,M,19
1252,2021,F,20
1253,2020,M,20
1254,2022,F,18
1255,2021,F,19
1256,2021,M,18
1257,2021,F,20
1258,2021,F,19
1259,2022,F,18
1260,2021,F,20
1261,2022,F,18
1262,2020,F,19
1263,2020,M,19
1264,2021,M,18
1265,2021,M,18
1266,2020,F,20
1267,2022,M,20
1268,2020,F,20
1269,2021,M,19
1270,2022,M,18
1271,2022,F,18
1272,2020,M,18
1273,2022,M,18
1274,2020,M,18
1275,2022,M,19
1276,2021,M,20
1277,2021,M,18
1278,2021,F,19
1279,2020,F,18
1280,2021,F,20
1281,2022,M,19
1282,2021,M,19
1283,2022,F,20
1284,2022,M,19
1285,2022,M,20
1286,2022,M,19
1287,2021,F,19
1288,2022,F,20
1289,2022,F,18
1290,2021,M,19
1291,2022,M,18
1292,2020,M,18
1293,2021,F,20
1294,2021,F,20
1295,2020,M,19
1296,2022,M,20
1297,2021,M,20
1298,2022,M,19
1299,2020,M,18
1300,2020,M,19
1301,2020,F,19
1302,2022,F,19
1303,2021,M,19
1304,2021,M,18
1305,2022,F,19
1306,2021,M,19
1307,2022,F,20
1308,2022,F,18
1309,2022,M,20
1310,2020,M,20
1311,2022,M,18
1312,2021,M,18
1313,2021,F,18
1314,2021,F,19
1315,2021,M,20
1316,2022,M,19
1317,2021,M,20
1318,2022,M,18
1319,2021,M,20
1320,2022,F,20
1321,2022,M,20
1322,2020,M,18
1323,2021,M,19
1324,2022,M,19
1325,2020,M,18
1326,2021,M,18
1327,2021,F,19
1328,2020,F,20
1329,2020,F,19
1330,2022,M,18
1331,2021,F,18
1332,2021,F,20
1333,2020,M,18
1334,2020,M,19
1335,2021,F,19
1336,2020,M,19
1337,2021,M,20
1338,2022,F,20
1339,2022,F,18
1340,2020,M,18
1341,2020,M,20
1342,2022,F,19
1343,2022,M,19
1344,2021,M,20
1345,2021,M,20
1346,2022,M,20
1347,2022,M,18
1348,2021,F,20
1349,2020,F,20
1350,2022,M,19
1351,2022,M,19
1352,2021,F,19
1353,2021,M,18
1354,2022,F,18
1355,2021,M,20
1356,2021,M,18
1357,2021,M,19
1358,2020,M,18
1359,2020,M,19
1360,2021,M,19
1361,2022,M,20
1362,2022,M,20
1363,2022,M,19
1364,2020,M,18
1365,2022,M,20
1366,2022,M,19
1367,2021,M,18
1368,2021,M,19
1369,2020,F,18
1370,2020,F,18
1371,2022,M,18
1372,2020,M,19
1373,2020,F,20
1374,2022,M,19
1375,2020,F,20
1376,2022,F,19
1377,2021,M,18
1378,2021,M,19
1379,2021,M,19
1380,2021,M,19
1381,2022,M,20
1382,2022,F,19
1383,2021,M,19
1384,2022,M,18
1385,2020,F,18
1386,2021,M,19
1387,2020,M,19
1388,2022,M,20
1389,2020,F,19
1390,2020,F,18
1391,2022,M,19
1392,2021,F,18
1393,2022,M,18
1394,2022,F,18
1395,2022,M,19
1396,2022,M,20
1397,2021,M,19
1398,2020,M,20
1399,2020,M,18
1400,2022,M,18
1401,2021,M,18
1402,2022,M,19
1403,2021,F,19
1404,2020,M,19
1405,2020,M,19
1406,2021,F,20
1407,2022,M,18
1408,2020,M,19
1409,2021,F,18
1410,2022,F,19
1411,2021,M,20
1412,2022,M,18
1413,2021,F,20
1414,2021,F,20
1415,2020,M,19
1416,2021,F,19
1417,2022,F,19
1418,2021,M,19
1419,2021,M,18
1420,2022,M,19
1421,2020,M,18
1422,2021,M,20
1423,2020,M,18
1424,2022,M,18
1425,2022,M,19
1426,2021,M,19
1427,2022,M,20
1428,2020,F,20
1429,2020,M,19
1430,2022,M,20
1431,2020,F,19
1432,2021,M,19
1433,2020,M,20
1434,2022,M,18
1435,2020,M,19
1436,2021,M,18
1437,2021,F,20
1438,2020,M,20
1439,2022,M,18
1440,2021,M,18
1441,2021,M,20
1442,2022,M,18
1443,2020,M,18
1444,2021,M,20
1445,2020,F,20
1446,2021,F,20
1447,2020,M,19
1448,2020,M,20
1449,2020,F,19
1450,2022,M,19
1451,2022,M,19
1452,2020,M,19
1453,2020,F,20
1454,2021,M,19
1455,2020,M,19
1456,2022,M,20
1457,2020,F,18
1458,2022,M,20
1459,2020,M,19
1460,2020,F,20
1461,2020,M,19
1462,2021,F,19
1463,2020,M,18
1464,2020,M,19
1465,2022,M,19
1466,2022,F,18
1467,2022,M,19
1468,2022,F,18
1469,2021,F,18
1470,2022,M,19
1471,2022,M,18
1472,2021,M,20
1473,2021,F,20
1474,2022,M,18
1475,2021,F,18
1476,2020,F,20
1477,2021,F,20
1478,2022,F,18
1479,2022,M,20
1480,2021,F,19
1481,2021,M,20
1482,2020,M,19
1483,2020,M,18
1484,2020,M,18
1485,2022,M,18
1486,2021,F,19
1487,2022,F,19
1488,2020,M,18
1489,2020,M,20
1490,2021,M,20
1491,2021,F,20
1492,2021,M,20
1493,2022,M,20
1494,2020,M,19
1495,2020,F,18
1496,2022,F,19
1497,2021,F,20
1498,2020,M,18
1499,2021,F,18
1500,2020,M,19
1501,2021,M,19
1502,2022,F,19
1503,2021,M,18
1504,2021,F,20
1505,2022,M,18
1506,2020,F,18
1507,2021,M,20
1508,2021,M,19
1509,2020,F,20
1510,2022,F,20
1511,2021,M,19
1512,2020,F,19
1513,2022,M,18
1514,2022,M,20
1515,2021,M,20
1516,2022,M,20
1517,2022,M,20
1518,2020,M,18
1519,2020,F,19
1520,2022,F,18
1521,2020,F,19
1522,2020,F,20
1523,2021,M,18
1524,2022,M,18
1525,2020,M,18
1526,2022,M,18
1527,2021,M,18
1528,2022,F,18
1529,2020,M,18
1530,2021,F,18
1531,2022,F,20
1532,2020,M,20
1533,2021,F,18
1534,2021,M,18
1535,2022,M,20
1536,2021,M,19
1537,2020,M,20
1538,2022,M,19
1539,2022,F,20
1540,2022,M,20
1541,2021,M,20
1542,2022,M,19
1543,2020,F,18
1544,2022,M,20
1545,2020,M,20
1546,2021,M,20
1547,2021,F,18
1548,2021,M,18
1549,2020,F,18
1550,2021,F,20
1551,2020,M,18
1552,2022,M,20
1553,2020,M,19
1554,2021,F,20
1555,2020,M,20
1556,2021,F,20
1557,2022,F,18
1558,2022,M,18
1559,2020,M,18
1560,2022,M,18
1561,2020,M,20
1562,2020,F,18
1563,2021,M,19
1564,2022,M,19
1565,2021,M,18
1566,2020,M,19
1567,2020,M,20
1568,2021,M,19
1569,2022,F,20
1570,2022,M,18
1571,2022,F,20
1572,2022,M,18
1573,2020,M,19
1574,2020,F,18
1575,2020,M,20
1576,2021,F,20
1577,2021,M,19
1578,2020,F,19
1579,2021,F,20
1580,2021,F,20
1581,2022,M,19
1582,2022,M,19
1583,2021,F,18
1584,2020,F,18
1585,2020,F,20
1586,2020,M,19
1587,2020,M,20
1588,2020,M,18
1589,2022,F,20
1590,2020,M,20
1591,2020,M,20
1592,2021,F,19
1593,2020,M,20
1594,2021,M,18
1595,2020,F,19
1596,2020,F,19
1597,2020,F,18
1598,2021,M,19
1599,2020,M,18
1600,2021,M,18
1601,2020,M,20
1602,2022,F,20
1603,2022,M,19
1604,2021,M,20
1605,2021,F,19
1606,2020,M,19
1607,2022,M,20
1608,2021,M,20
1609,2020,F,18
1610,2022,M,19
1611,2021,F,19
1612,2021,M,18
1613,2022,M,19
1614,2020,M,20
1615,2022,F,18
1616,2022,F,20
1617,2022,F,20
1618,2022,F,19
1619,2020,M,18
1620,2022,M,20
1621,2022,F,20
1622,2022,M,18
1623,2021,F,19
1624,2020,M,20
1625,2021,F,18
1626,2020,M,18
1627,2021,M,20
1628,2022,M,20
1629,2022,F,19
1630,2021,M,20
1631,2022,F,18
1632,2021,M,18
1633,2022,F,19
1634,2022,F,18
1635,2021,F,19
1636,2022,F,19
1637,2021,M,20
1638,2021,F,18
1639,2021,F,18
1640,2022,M,20
1641,2020,M,20
1642,2022,F,20
1643,2022,M,19
1644,2022,M,19
1645,2021,F,18
1646,2022,M,20
1647,2020,M,19
1648,2022,F,19
1649,2022,F,18
1650,2020,M,20
1651,2022,M,18
1652,2022,M,20
1653,2021,M,20
1654,2022,F,18
1655,2022,F,20
1656,2021,M,19
1657,2021,F,19
1658,2022,M,18
1659,2021,M,19
1660,2021,M,18
1661,2022,M,19
1662,2021,M,20
1663,2021,M,20
1664,2021,M,18
1665,2022,M,20
1666,2021,M,18
1667,2020,M,19
1668,2021,F,19
1669,2020,M,20
1670,2022,F,18
1671,2022,M,19
1672,2020,M,20
1673,2020,M,18
1674,2021,M,19
1675,2022,F,20
1676,2021,M,18
1677,2020,M,19
1678,2022,M,20
1679,2020,M,18
1680,2021,M,19
1681,2021,M,18
1682,2022,M,18
1683,2020,M,19
1684,2020,M,19
1685,2022,M,19
1686,2021,M,19
1687,2022,F,20
1688,2020,M,19
1689,2022,M,19
1690,2020,M,18
1691,2021,F,20
1692,2020,F,20
1693,2021,M,18
1694,2021,M,18
1695,2022,F,18
1696,2020,M,20
1697,2020,M,18
1698,2021,M,19
1699,2022,M,20
1700,2021,M,19
1701,2022,F,18
1702,2022,F,20
1703,2020,M,19
1704,2022,F,19
1705,2020,F,20
1706,2022,M,20
1707,2020,M,18
1708,2021,F,18
1709,2020,M,19
1710,2020,M,19
1711,2022,F,20
1712,2020,M,19
1713,2022,M,20
1714,2021,M,19
1715,2021,M,20
1716,2021,F,18
1717,2020,F,20
1718,2020,F,19
1719,2021,M,19
1720,2020,M,20
1721,2022,F,18
1722,2020,M,18
1723,2020,F,20
1724,2021,F,18
1725,2020,M,19
1726,2020,M,19
1727,2020,M,20
1728,2020,M,19
1729,2022,M,18
1730,2021,M,18
1731,2022,M,18
1732,2021,M,20
1733,2020,M,18
1734,2022,F,18
1735,2021,M,20
1736,2020,M,18
1737,2021,M,19
1738,2020,F,20
1739,2020,M,19
1740,2020,M,19
1741,2021,M,19
1742,2021,F,18
1743,2022,M,18
1744,2020,M,20
1745,2021,M,19
1746,2022,M,18
1747,2021,F,18
1748,2022,M,19
1749,2022,M,18
1750,2022,F,20
1751,2020,F,19
1752,2022,M,19
1753,2020,M,20
1754,2022,M,18
1755,2022,M,19
1756,2022,F,20
1757,2020,M,19
1758,2020,M,18
1759,2020,F,18
1760,2021,F,18
1761,2020,M,18
1762,2020,M,20
1763,2021,M,19
1764,2020,M,19
1765,2021,M,18
1766,2021,F,20
1767,2022,M,19
1768,2022,M,18
1769,2020,M,18
1770,2021,F,18
1771,2021,M,18
1772,2021,F,19
1773,2021,F,20
1774,2020,M,19
1775,2020,M,19
1776,2022,M,18
1777,2022,F,19
1778,2022,M,20
1779,2021,M,20
1780,2020,M,18
1781,2021,F,20
1782,2022,M,19
1783,2022,F,18
1784,2021,M,20
1785,2022,M,19
1786,2020,M,18
1787,2021,M,18
1788,2020,M,20
1789,2021,M,18
1790,2022,F,19
1791,2020,M,19
1792,2020,M,20
1793,2020,F,18
1794,2022,M,18
1795,2021,M,18
1796,2021,M,19
1797,2020,M,18
1798,2022,M,18
1799,2022,M,18
1800,2021,M,19
1801,2022,F,18
1802,2020,F,18
1803,2022,M,19
1804,2021,M,19
1805,2021,M,18
1806,2020,M,18
1807,2022,F,19
1808,2021,M,19
1809,2022,M,18
1810,2020,F,19
1811,2021,F,18
1812,2020,F,18
1813,2021,M,19
1814,2020,M,19
1815,2022,F,19
1816,2021,F,19
1817,2022,F,19
1818,2020,F,20
1819,2020,M,18
1820,2020,M,19
1821,2021,M,20
1822,2021,M,18
1823,2022,M,19
1824,2021,F,19
1825,2021,M,19
1826,2021,M,20
1827,2020,M,18
1828,2020,F,18
1829,2021,M,20
1830,2021,F,20
1831,2020,M,20
1832,2021,M,19
1833,2020,M,20
1834,2022,F,18
1835,2021,M,19
1836,2020,M,19
1837,2022,F,19
1838,2021,M,19
1839,2021,M,19
1840,2020,M,18
1841,2020,F,20
1842,2021,M,19
1843,2020,M,19
1844,2020,F,20
1845,2020,M,20
1846,2022,F,20
1847,2020,M,18
1848,2020,M,20
1849,2020,M,20
1850,2022,M,19
1851,2020,M,20
1852,2021,F,18
1853,2022,M,20
1854,2020,F,19
1855,2022,F,18
1856,2020,M,18
1857,2021,F,18
1858,2021,M,20
1859,2021,M,19
1860,2020,M,19
1861,2021,F,20
1862,2021,F,18
1863,2020,F,18
1864,2021,F,19
1865,2020,M,19
1866,2022,M,19
1867,2021,M,20
1868,2022,M,18
1869,2020,M,19
1870,2022,M,18
1871,2021,M,20
1872,2022,M,20
1873,2020,M,20
1874,2022,M,20
1875,2021,F,18
1876,2020,M,19
1877,2022,M,18
1878,2021,M,18
1879,2020,M,20
1880,2022,F,18
1881,2020,F,19
1882,2020,F,20
1883,2022,F,18
1884,2022,F,20
1885,2022,M,20
1886,2020,F,18
1887,2020,M,19
1888,2020,F,19
1889,2020,M,19
1890,2022,F,19
1891,2022,M,18
1892,2022,F,18
1893,2020,F,19
1894,2020,M,18
1895,2022,F,20
1896,2021,M,20
1897,2022,M,19
1898,2022,M,19
1899,2021,F,18
1900,2021,F,20
1901,2022,M,18
1902,2022,M,19
1903,2022,M,20
1904,2020,M,18
1905,2020,M,19
1906,2020,F,20
1907,2021,F,20
1908,2021,F,19
1909,2022,M,18
1910,2022,F,18
1911,2021,M,19
1912,2021,M,18
1913,2022,M,18
1914,2021,F,19
1915,2022,M,20
1916,2020,F,20
1917,2021,M,18
1918,2020,M,20
1919,2021,M,20
1920,2022,F,18
1921,2022,M,18
1922,2022,F,19
1923,2022,M,19
1924,2022,M,18
1925,2021,F,19
1926,2022,F,18
1927,2021,M,18
1928,2021,M,18
1929,2022,M,18
1930,2021,M,18
1931,2020,M,20
1932,2022,F,19
1933,2021,M,18
1934,2022,F,18
1935,2022,F,20
1936,2021,M,18
1937,2022,M,18
1938,2021,F,20
1939,2022,F,18
1940,2020,M,20
1941,2021,F,19
1942,2020,F,20
1943,2022,F,20
1944,2020,M,18
1945,2020,M,18
1946,2022,F,20
1947,2021,F,19
1948,2021,M,18
1949,2020,M,20
1950,2021,M,19
1951,2021,M,19
1952,2020,M,20
1953,2021,F,18
1954,2021,M,19
1955,2022,M,20
1956,2021,F,19
1957,2022,M,18
1958,2020,M,18
1959,2020,M,18
1960,2020,F,19
1961,2022,M,19
1962,2020,F,20
1963,2020,M,20
1964,2020,F,19
1965,2021,M,19
1966,2021,M,19
1967,2020,M,18
1968,2020,F,19
1969,2022,F,20
1970,2020,M,18
1971,2021,F,18
1972,2021,M,20
1973,2022,F,18
1974,2022,M,18
1975,2022,M,20
1976,2020,M,19
1977,2020,M,18
1978,2020,M,18
1979,2020,M,19
1980,2022,M,18
1981,2022,F,18
1982,2022,M,20
1983,2021,M,19
1984,2021,F,18
1985,2020,F,18
1986,2021,F,20
1987,2021,M,20
1988,2022,M,18
1989,2021,M,19
1990,2020,M,20
1991,2022,M,18
1992,2022,F,19
1993,2020,M,18
1994,2021,M,19
1995,2021,F,18
1996,2020,M,19
1997,2022,F,20
1998,2020,M,18
1999,2021,F,18
2000,2020,M,18
2001,2021,M,18
2002,2022,M,20
2003,2022,M,19
2004,2022,M,18
2005,2021,M,20
2006,2022,M,19
2007,2021,M,20
2008,2022,M,19
2009,2022,F,20
2010,2022,F,19
2011,2022,F,19
2012,2020,F,19
2013,2020,F,19
2014,2022,M,20
2015,2020,M,18
2016,2020,F,18
2017,2022,M,18
2018,2021,M,19
2019,2020,M,18
2020,2021,F,18
2021,2022,F,20
2022,2020,M,19
2023,2021,M,18
2024,2020,M,19
2025,2020,M,19
2026,2021,M,18
2027,2022,F,20
2028,2021,F,18
2029,2021,M,20
2030,2021,F,18
2031,2022,F,20
2032,2020,F,18
2033,2021,M,18
2034,2022,M,19
2035,2022,M,18
2036,2020,F,18
2037,2022,M,19
2038,2022,F,19
2039,2021,M,20
2040,2021,M,20
2041,2020,F,19
2042,2021,F,18
2043,2021,F,20
2044,2022,F,19
2045,2022,F,18
2046,2021,F,19
2047,2021,M,20
2048,2021,M,18
2049,2020,F,19
2050,2020,M,18
2051,2020,M,20
2052,2022,M,19
2053,2021,M,19
2054,2022,F,20
2055,2022,M,20
2056,2020,M,18
2057,2022,M,20
2058,2020,M,20
2059,2020,M,18
2060,2020,M,18
2061,2022,F,18
2062,2021,M,19
2063,2022,M,20
2064,2020,F,20
2065,2022,M,20
2066,2020,M,18
2067,2022,M,20
2068,2022,F,20
2069,2020,M,18
2070,2020,M,18
2071,2020,F,18
2072,2022,F,20
2073,2021,M,18
2074,2022,M,19
2075,2021,F,19
2076,2022,M,20
2077,2021,M,19
2078,2020,F,19
2079,2020,M,18
2080,2022,F,18
2081,2020,M,19
2082,2020,F,18
2083,2021,F,18
2084,2021,F,18
2085,2022,F,20
2086,2021,F,20
2087,2022,M,18
2088,2022,F,20
2089,2021,F,20
2090,2020,F,19
2091,2021,F,20
2092,2022,F,19
2093,2020,F,20
2094,2020,F,19
2095,2021,M,19
2096,2021,F,18
2097,2021,M,19
2098,2021,M,18
2099,2022,M,20
2100,2022,F,18
2101,2021,F,20
2102,2020,M,20
2103,2022,M,18
2104,2022,F,20
2105,2020,F,20
2106,2021,M,18
2107,2021,M,19
2108,2020,F,19
2109,2020,M,19
2110,2022,M,19
2111,2022,M,18
2112,2020,F,19
2113,2020,M,18
2114,2020,F,20
2115,2021,M,20
2116,2020,F,19
2117,2021,M,19
2118,2022,M,20
2119,2020,M,18
2120,2020,M,19
2121,2020,F,18
2122,2020,F,20
2123,2020,F,18
2124,2022,F,18
2125,2022,F,18
2126,2021,M,19
2127,2022,F,20
2128,2022,M,18
2129,2020,F,18
2130,2021,F,20
2131,2022,F,19
2132,2022,M,18
2133,2021,M,20
2134,2022,M,18
2135,2021,M,18
2136,2020,F,19
2137,2022,F,18
2138,2020,M,20
2139,2022,M,19
2140,2021,F,18
2141,2022,M,20
2142,2021,M,20
2143,2020,M,18
2144,2022,M,19
2145,2020,M,18
2146,2021,M,20
2147,2021,M,19
2148,2022,F,19
2149,2022,M,19
2150,2021,F,19
2151,2022,F,19
2152,2020,F,18
2153,2022,F,19
2154,2021,M,19
2155,2020,M,20
2156,2022,M,19
2157,2021,M,20
2158,2020,F,20
2159,2022,F,19
2160,2021,F,20
2161,2021,M,19
2162,2021,M,18
2163,2022,M,20
2164,2020,F,20
2165,2022,F,19
2166,2020,M,18
2167,2020,M,19
2168,2020,M,20
2169,2021,F,20
2170,2021,M,18
2171,2022,F,18
2172,2022,M,18
2173,2021,M,20
2174,2020,M,18
2175,2021,M,20
2176,2021,F,20
2177,2022,M,18
2178,2020,F,18
2179,2022,M,19
2180,2021,F,18
2181,2022,F,20
2182,2020,M,20
2183,2022,M,20
2184,2020,M,19
2185,2022,F,19
2186,2020,M,19
2187,2021,M,18
2188,2022,F,20
2189,2020,M,20
2190,2020,M,18
2191,2022,F,20
2192,2020,M,18
2193,2022,M,20
2194,2022,F,20
2195,2020,F,18
2196,2020,M,20
2197,2021,M,18
2198,2021,F,19
2199,2022,F,18
2200,2021,M,18
2201,2020,M,18
2202,2021,M,18
2203,2022,M,18
2204,2021,M,20
2205,2020,M,19
2206,2021,M,20
2207,2022,M,18
2208,2022,F,20
2209,2021,F,19
2210,2021,M,18
2211,2020,F,19
2212,2020,M,20
2213,2021,M,19
2214,2020,M,18
2215,2022,F,20
2216,2021,M,19
2217,2020,M,18
2218,2021,F,19
2219,2022,M,20
2220,2021,F,19
2221,2021,M,20
2222,2021,F,20
2223,2021,M,18
2224,2020,F,20
2225,2021,M,20
2226,2021,F,19
2227,2021,M,18
2228,2021,F,20
2229,2022,M,19
2230,2020,F,20
2231,2020,M,20
2232,2022,M,18
2233,2021,M,18
2234,2021,F,18
2235,2022,F,20
2236,2022,F,20
2237,2022,M,19
2238,2020,M,18
2239,2020,M,18
2240,2022,M,20
2241,2020,M,18
2242,2020,M,18
2243,2020,M,19
2244,2022,F,19
2245,2021,M,18
2246,2020,M,18
2247,2022,F,19
2248,2022,M,19
2249,2022,M,19
2250,2022,M,19
2251,2021,M,18
2252,2022,F,20
2253,2022,M,20
2254,2022,F,20
2255,2022,F,19
2256,2021,M,19
2257,2020,F,18
2258,2020,M,19
2259,2022,M,18
2260,2021,F,19
2261,2021,M,18
2262,2021,M,18
2263,2020,M,18
2264,2021,M,19
2265,2021,M,18
2266,2020,M,20
2267,2021,F,19
2268,2022,M,19
2269,2021,M,18
2270,2020,M,19
2271,2022,M,20
2272,2021,M,18
2273,2022,M,19
2274,2020,F,19
2275,2020,M,18
2276,2022,M,20
2277,2020,M,20
2278,2021,F,20
2279,2020,M,19
2280,2021,F,19
2281,2021,F,18
2282,2020,M,20
2283,2022,F,18
2284,2020,F,18
2285,2020,M,18
2286,2020,M,18
2287,2022,M,20
2288,2021,M,19
2289,2020,M,19
2290,2021,M,20
2291,2021,F,18
2292,2020,M,19
2293,2022,F,20
2294,2021,M,20
2295,2020,F,19
2296,2021,M,18
2297,2021,M,20
2298,2021,M,20
2299,2021,M,19
2300,2022,M,19
2301,2022,M,20
2302,2021,M,18
2303,2020,M,20
2304,2020,F,19
2305,2020,M,20
2306,2020,M,18
2307,2021,F,20
2308,2021,M,20
2309,2021,M,20
2310,2020,F,18
2311,2020,M,20
2312,2021,M,18
2313,2020,F,20
2314,2021,M,18
2315,2021,M,18
2316,2021,M,20
2317,2021,M,20
2318,2022,M,20
2319,2021,M,20
2320,2020,F,20
2321,2022,M,18
2322,2021,M,20
2323,2020,M,19
2324,2022,F,19
2325,2021,F,18
2326,2020,M,18
2327,2022,F,18
2328,2022,F,19
2329,2020,M,18
2330,2020,F,20
2331,2022,M,20
2332,2021,M,18
2333,2022,M,19
2334,2021,M,18
2335,2020,F,18
2336,2022,M,18
2337,2021,F,19
2338,2020,M,20
2339,2022,M,20
2340,2021,M,19
2341,2020,F,20
2342,2022,F,19
2343,2021,M,19
2344,2020,M,18
2345,2022,M,19
2346,2020,M,20
2347,2021,M,19
2348,2022,F,20
2349,2021,M,20
2350,2020,M,19
2351,2022,M,18
2352,2022,F,20
2353,2020,M,18
2354,2022,F,18
2355,2020,M,20
2356,2021,F,20
2357,2022,F,20
2358,2020,M,19
2359,2022,M,20
2360,2020,F,19
2361,2020,F,18
2362,2021,F,19
2363,2021,M,19
2364,2021,M,20
2365,2022,M,18
2366,2020,F,20
2367,2022,M,19
2368,2022,F,20
2369,2021,F,18
2370,2020,M,18
2371,2020,F,18
2372,2020,M,20
2373,2021,F,20
2374,2022,M,20
2375,2022,M,20
2376,2020,M,20
2377,2020,F,20
2378,2022,M,18
2379,2022,F,18
2380,2022,M,19
2381,2022,M,18
2382,2022,F,20
2383,2021,M,20
2384,2021,M,19
2385,2022,F,18
2386,2022,F,20
2387,2022,M,18
2388,2022,M,19
2389,2020,F,19
2390,2021,F,18
2391,2021,F,18
2392,2022,F,18
2393,2022,F,18
2394,2020,M,20
2395,2020,M,19
2396,2022,F,18
2397,2021,F,20
2398,2022,F,18
2399,2020,M,18
2400,2022,M,20
2401,2021,M,18
2402,2020,F,19
2403,2021,M,20
2404,2020,M,18
2405,2020,M,19
2406,2021,F,18
2407,2022,F,19
2408,2021,M,19
2409,2022,M,18
2410,2020,M,18
2411,2021,M,19
2412,2020,F,18
2413,2020,M,19
2414,2022,F,19
2415,2020,M,20
2416,2021,M,18
2417,2020,F,18
2418,2022,M,18
2419,2020,F,18
2420,2022,M,20
2421,2020,M,18
2422,2022,M,19
2423,2021,M,19
2424,2020,M,18
2425,2021,F,20
2426,2020,M,19
2427,2021,F,19
2428,2021,F,18
2429,2021,F,20
2430,2020,M,20
2431,2022,F,18
2432,2021,F,18
2433,2022,M,19
2434,2020,F,19
2435,2020,M,18
2436,2020,F,19
2437,2022,F,19
2438,2020,M,18
2439,2021,M,18
2440,2020,M,20
2441,2021,F,19
2442,2022,F,19
2443,2021,M,18
2444,2022,M,19
2445,2022,M,18
2446,2021,M,18
2447,2020,M,20
2448,2021,M,20
2449,2021,M,19
2450,2021,F,20
2451,2021,M,18
2452,2022,M,19
2453,2020,M,18
2454,2020,F,18
2455,2020,F,20
2456,2022,M,18
2457,2020,M,20
2458,2020,M,19
2459,2022,M,18
2460,2020,M,20
2461,2020,M,19
2462,2022,M,20
2463,2021,M,18
2464,2020,F,20
2465,2022,M,19
2466,2020,M,18
2467,2020,F,18
2468,2022,F,18
2469,2020,F,18
2470,2022,M,19
2471,2022,F,18
2472,2021,F,18
2473,2021,M,19
2474,2020,F,20
2475,2021,F,18
2476,2022,M,19
2477,2022,M,18
2478,2022,M,18
2479,2020,F,18
2480,2022,M,19
2481,2021,M,18
2482,2020,F,18
2483,2020,F,20
2484,2021,M,20
2485,2022,M,18
2486,2021,M,19
2487,2020,M,20
2488,2022,M,19
2489,2021,F,19
2490,2021,M,20
2491,2021,M,20
2492,2022,M,19
2493,2022,M,18
2494,2020,F,19
2495,2021,M,18
2496,2020,M,19
2497,2021,M,18
2498,2022,M,18
2499,2021,M,19
2500,2022,M,19
2501,2021,F,19
2502,2021,M,19
2503,2021,F,19
2504,2022,M,20
2505,2022,F,18
2506,2022,M,18
2507,2022,M,20
2508,2022,M,19
2509,2022,F,19
2510,2022,M,19
2511,2021,M,18
2512,2022,F,19
2513,2021,F,20
2514,2020,M,20
2515,2022,M,19
2516,2020,M,18
2517,2022,M,19
2518,2022,M,18
2519,2021,F,18
2520,2020,M,18
2521,2022,F,18
2522,2022,M,18
2523,2022,M,18
2524,2020,M,19
2525,2020,F,18
2526,2021,M,20
2527,2022,M,18
2528,2020,M,20
2529,2020,F,18
2530,2021,M,18
2531,2021,M,18
2532,2022,F,18
2533,2021,F,19
2534,2020,M,18
2535,2021,F,19
2536,2021,M,19
2537,2022,F,20
2538,2021,M,18
2539,2020,F,19
2540,2022,M,18
2541,2022,F,19
2542,2021,F,20
2543,2021,M,18
2544,2022,M,19
2545,2022,M,18
2546,2020,M,19
2547,2020,F,20
2548,2021,F,20
2549,2022,M,18
2550,2020,M,18
2551,2020,M,18
2552,2021,M,20
2553,2022,M,18
2554,2020,M,20
2555,2020,F,18
2556,2021,F,20
2557,2021,M,19
2558,2022,F,20
2559,2021,F,20
2560,2021,M,18
2561,2021,F,18
2562,2021,F,19
2563,2020,M,20
2564,2021,M,20
2565,2020,M,18
2566,2022,F,18
2567,2020,M,18
2568,2022,F,19
2569,2021,M,19
2570,2022,M,18
2571,2022,F,18
2572,2021,M,19
2573,2022,M,18
2574,2022,M,20
2575,2021,F,18
2576,2020,M,19
2577,2021,M,20
2578,2020,M,20
2579,2021,F,18
2580,2022,M,18
2581,2022,F,18
2582,2020,F,20
2583,2021,F,18
2584,2021,M,20
2585,2021,M,18
2586,2022,M,18
2587,2022,M,18
2588,2022,M,18
2589,2022,F,18
2590,2020,M,19
2591,2022,M,19
2592,2021,M,19
2593,2020,M,18
2594,2022,F,19
2595,2021,F,18
2596,2020,F,19
2597,2021,M,19
2598,2020,F,18
2599,2021,F,19
2600,2022,M,19
2601,2021,M,18
2602,2021,F,20
2603,2021,F,18
2604,2020,M,20
2605,2022,M,18
2606,2022,F,20
2607,2021,F,20
2608,2020,M,20
2609,2022,M,20
2610,2020,F,20
2611,2022,F,18
2612,2021,F,19
2613,2021,M,20
2614,2022,M,19
2615,2022,M,20
2616,2021,M,18
2617,2020,F,19
2618,2022,M,18
2619,2020,M,20
2620,2022,M,20
2621,2022,M,19
2622,2022,M,18
2623,2022,F,19
2624,2022,M,18
2625,2022,F,19
2626,2021,F,19
2627,2022,M,20
2628,2022,M,18
2629,2022,M,19
2630,2022,M,18
2631,2020,M,20
2632,2020,M,19
2633,2021,M,18
2634,2020,F,19
2635,2021,M,20
2636,2022,F,18
2637,2021,M,20
2638,2022,F,18
2639,2022,M,18
2640,2020,M,18
2641,2021,F,18
2642,2020,F,20
2643,2020,M,19
2644,2022,M,19
2645,2022,F,20
2646,2022,F,19
2647,2020,F,20
2648,2020,F,20
2649,2022,M,18
2650,2021,M,19
2651,2020,M,20
2652,2022,F,19
2653,2021,M,19
2654,2022,F,19
2655,2021,F,19
2656,2021,F,20
2657,2022,M,18
2658,2020,M,18
2659,2020,M,20
2660,2022,F,18
2661,2020,F,18
2662,2022,M,19
2663,2020,F,20
2664,2020,M,18
2665,2021,M,20
2666,2022,F,19
2667,2020,M,19
2668,2022,M,19
2669,2020,F,20
2670,2021,M,18
2671,2020,M,19
2672,2022,M,19
2673,2022,F,19
2674,2022,F,19
2675,2020,M,20
2676,2020,M,20
2677,2021,M,18
2678,2022,M,20
2679,2022,F,19
2680,2022,M,20
2681,2021,F,19
2682,2022,F,18
2683,2022,F,19
2684,2022,F,19
2685,2022,M,20
2686,2020,F,18
2687,2020,M,18
2688,2022,M,19
2689,2020,M,19
2690,2021,M,19
2691,2020,M,18
2692,2022,F,18
2693,2020,M,20
2694,2022,F,18
2695,2021,F,20
2696,2021,M,19
2697,2021,M,18
2698,2022,M,19
2699,2020,M,19
2700,2020,M,18
2701,2022,M,18
2702,2022,F,20
2703,2020,F,18
2704,2021,M,20
2705,2020,M,19
2706,2022,M,19
2707,2020,M,18
2708,2022,M,19
2709,2022,M,19
2710,2022,M,19
2711,2021,M,18
2712,2022,M,19
2713,2022,M,19
2714,2020,M,18
2715,2021,M,20
2716,2021,M,20
2717,2021,M,19
2718,2021,M,18
2719,2022,F,18
2720,2022,M,20
2721,2021,M,18
2722,2021,F,20
2723,2020,M,18
2724,2021,F,19
2725,2020,M,18
2726,2022,M,20
2727,2022,M,19
2728,2022,M,20
2729,2022,M,19
2730,2022,M,19
2731,2021,F,18
2732,2022,M,18
2733,2022,M,18
2734,2020,F,18
2735,2022,F,20
2736,2021,M,20
2737,2020,M,19
2738,2020,M,20
2739,2020,F,20
2740,2020,F,18
2741,2022,F,20
2742,2020,F,19
2743,2021,M,19
2744,2020,M,20
2745,2021,M,18
2746,2022,F,18
2747,2021,M,18
2748,2020,M,20
2749,2020,F,19
2750,2022,F,19
2751,2022,M,19
2752,2022,F,20
2753,2021,F,19
2754,2021,M,18
2755,2020,F,18
2756,2020,F,20
2757,2022,M,18
2758,2022,M,20
2759,2022,F,18
2760,2020,M,18
2761,2020,M,19
2762,2021,M,20
2763,2020,F,18
2764,2022,F,19
2765,2021,M,19
2766,2022,F,19
2767,2021,M,19
2768,2021,F,19
2769,2020,F,18
2770,2021,M,18
2771,2020,M,20
2772,2020,M,20
2773,2021,M,19
2774,2020,F,18
2775,2022,M,19
2776,2022,M,18
2777,2022,M,19
2778,2022,F,18
2779,2022,M,18
2780,2020,F,20
2781,2020,F,20
2782,2020,F,19
2783,2021,M,18
2784,2021,M,19
2785,2022,M,19
2786,2022,M,20
2787,2020,M,20
2788,2020,F,20
2789,2021,M,19
2790,2020,M,20
2791,2020,M,19
2792,2022,M,20
2793,2021,M,18
2794,2020,M,18
2795,2022,M,18
2796,2020,M,18
2797,2022,M,20
2798,2022,M,19
2799,2021,M,18
2800,2022,F,19
2801,2022,M,20
2802,2022,M,18
2803,2022,F,18
2804,2021,F,20
2805,2022,M,19
2806,2020,F,20
2807,2021,F,20
2808,2022,M,20
2809,2020,M,20
2810,2021,M,18
2811,2020,M,19
2812,2021,F,18
2813,2021,M,20
2814,2022,M,20
2815,2020,M,19
2816,2021,M,18
2817,2020,F,20
2818,2022,M,20
2819,2021,M,18
2820,2022,M,19
2821,2021,M,20
2822,2022,M,18
2823,2020,M,18
2824,2021,M,19
2825,2022,F,18
2826,2022,M,19
2827,2020,F,18
2828,2020,M,18
2829,2020,F,18
2830,2022,M,18
2831,2020,M,19
2832,2020,M,19
2833,2022,M,20
2834,2021,F,20
2835,2022,M,20
2836,2020,F,18
2837,2020,M,18
2838,2020,F,19
2839,2021,M,18
2840,2021,M,20
2841,2020,M,18
2842,2022,M,19
2843,2022,F,18
2844,2020,F,18
2845,2021,M,19
2846,2020,F,20
2847,2021,F,19
2848,2022,F,19
2849,2020,M,20
2850,2022,F,18
2851,2021,F,20
2852,2020,F,20
2853,2021,M,19
2854,2020,M,18
2855,2021,M,20
2856,2021,F,20
2857,2020,M,19
2858,2020,F,19
2859,2021,M,20
2860,2021,F,18
2861,2022,F,19
2862,2022,F,19
2863,2020,M,19
2864,2021,M,18
2865,2021,M,20
2866,2021,M,19
2867,2021,M,19
2868,2020,F,20
2869,2022,M,19
2870,2022,F,18
2871,2021,M,18
2872,2022,M,20
2873,2022,M,19
2874,2022,M,20
2875,2022,M,19
2876,2020,M,18
2877,2020,M,20
2878,2021,M,18
2879,2021,M,18
2880,2020,M,19
2881,2020,M,20
2882,2022,F,18
2883,2021,F,20
2884,2021,F,18
2885,2020,F,19
2886,2021,F,20
2887,2022,F,20
2888,2021,M,20
2889,2021,M,19
2890,2020,F,18
2891,2021,F,18
2892,2020,M,20
2893,2020,M,18
2894,2022,M,18
2895,2021,M,20
2896,2020,M,19
2897,2022,F,18
2898,2020,F,20
2899,2022,M,18
2900,2021,M,18
2901,2021,M,18
2902,2020,M,19
2903,2021,F,19
2904,2021,F,18
2905,2021,M,20
2906,2020,M,19
2907,2022,F,19
2908,2022,F,19
2909,2021,M,19
2910,2021,M,18
2911,2020,F,20
2912,2022,F,18
2913,2022,M,19
2914,2021,F,20
2915,2021,M,18
2916,2020,F,20
2917,2020,M,18
2918,2021,M,20
2919,2020,M,20
2920,2021,M,19
2921,2022,M,20
2922,2022,F,19
2923,2020,M,19
2924,2021,M,18
2925,2021,M,20
2926,2020,M,18
2927,2022,F,20
2928,2021,F,19
2929,2022,M,19
2930,2021,F,18
2931,2021,F,18
2932,2022,F,19
2933,2021,M,18
2934,2022,M,20
2935,2021,M,19
2936,2020,M,19
2937,2020,M,19
2938,2020,F,18
2939,2020,F,19
2940,2021,M,19
2941,2021,M,20
2942,2020,F,18
2943,2020,M,19
2944,2021,M,19
2945,2022,F,20
2946,2022,F,20
2947,2021,F,18
2948,2020,M,19
2949,2020,M,19
2950,2020,M,18
2951,2022,M,20
2952,2021,F,18
2953,2020,F,20
2954,2020,M,20
2955,2022,M,19
2956,2022,M,18
2957,2020,F,18
2958,2020,M,19
2959,2021,F,20
2960,2022,M,19
2961,2022,M,20
2962,2021,F,18
2963,2021,M,18
2964,2020,F,20
2965,2020,F,19
2966,2020,M,20
2967,2022,M,19
2968,2022,M,20
2969,2021,M,19
2970,2020,M,19
2971,2020,M,18
2972,2020,M,18
2973,2022,M,20
2974,2020,M,20
2975,2021,M,18
2976,2022,M,18
2977,2020,F,18
2978,2021,M,20
2979,2020,M,19
2980,2020,F,18
2981,2021,M,20
2982,2021,M,20
2983,2020,M,19
2984,2021,F,19
2985,2022,F,20
2986,2022,M,20
2987,2021,F,19
2988,2021,M,20
2989,2020,M,19
2990,2022,F,20
2991,2022,F,20
2992,2021,F,18
2993,2021,M,18
2994,2022,M,19
2995,2021,M,19
2996,2021,F,19
2997,2022,M,19
2998,2022,M,18
2999,2020,F,19
3000,2022,M,18
3001,2020,M,20
3002,2020,M,19
3003,2020,M,19
3004,2022,M,19
3005,2020,M,19
3006,2020,M,18
3007,2022,M,18
3008,2022,F,18
3009,2021,F,19
3010,2020,M,19
3011,2020,M,19
3012,2021,F,20
3013,2020,F,18
3014,2020,M,18
3015,2020,M,19
3016,2022,M,18
3017,2021,M,18
3018,2022,F,18
3019,2022,M,18
3020,2020,M,18
3021,2022,F,18
3022,2022,F,18
3023,2020,F,19
3024,2020,M,19
3025,2021,F,20
3026,2020,M,19
3027,2021,M,18
3028,2020,M,20
3029,2021,M,18
3030,2020,M,18
3031,2021,M,18
3032,2020,M,19
3033,2022,M,18
3034,2021,M,19
3035,2020,M,20
3036,2021,M,20
3037,2022,M,18
3038,2022,F,18
3039,2022,M,18
3040,2021,F,18
3041,2020,M,18
3042,2021,F,18
3043,2020,M,18
3044,2020,F,20
3045,2020,M,20
3046,2021,M,20
3047,2021,M,18
3048,2020,M,18
3049,2021,M,19
3050,2020,F,18
3051,2022,M,20
3052,2021,F,18
3053,2020,M,20
3054,2022,M,19
3055,2020,M,18
3056,2020,F,18
3057,2022,M,20
3058,2021,F,20
3059,2022,M,20
3060,2022,M,20
3061,2021,M,20
3062,2020,M,18
3063,2021,F,19
3064,2021,M,19
3065,2020,M,19
3066,2020,F,18
3067,2020,M,20
3068,2022,F,18
3069,2021,F,18
3070,2022,F,18
3071,2021,M,18
3072,2020,F,18
3073,2020,M,19
3074,2021,M,19
3075,2021,M,20
3076,2020,M,18
3077,2022,M,18
3078,2020,M,19
3079,2020,F,18
3080,2022,M,18
3081,2021,M,18
3082,2020,M,18
3083,2022,M,18
3084,2020,M,20
3085,2021,M,18
3086,2021,M,18
3087,2022,M,18
3088,2020,M,20
3089,2021,M,20
3090,2021,M,18
3091,2020,F,18
3092,2020,M,18
3093,2021,M,20
3094,2020,F,19
3095,2021,F,19
3096,2022,M,19
3097,2020,M,18
3098,2020,M,18
3099,2022,M,18
3100,2020,M,20
3101,2021,F,20
3102,2021,M,19
3103,2021,M,19
3104,2022,M,19
3105,2021,M,18
3106,2021,F,18
3107,2021,M,19
3108,2022,F,19
3109,2020,F,20
3110,2020,F,19
3111,2020,F,20
3112,2021,F,19
3113,2021,M,20
3114,2020,F,20
3115,2021,M,20
3116,2022,F,18
3117,2020,M,20
3118,2021,M,18
3119,2021,M,19
3120,2020,F,20
3121,2020,M,19
3122,2021,M,20
3123,2022,M,20
3124,2020,F,18
3125,2020,F,18
3126,2022,M,19
3127,2020,F,19
3128,2021,M,18
3129,2021,F,20
3130,2020,M,19
3131,2020,F,18
3132,2021,F,19
3133,2020,F,18
3134,2021,M,19
3135,2020,M,18
3136,2022,M,20
3137,2020,M,19
3138,2022,F,20
3139,2022,F,20
3140,2022,F,18
3141,2022,M,18
3142,2020,F,20
3143,2020,F,20
3144,2020,M,20
3145,2020,M,18
3146,2021,M,20
3147,2021,F,20
3148,2021,M,20
3149,2020,M,18
3150,2022,M,18
3151,2020,M,18
3152,2021,F,20
3153,2021,F,20
3154,2022,F,20
3155,2022,M,19
3156,2020,M,20
3157,2022,M,19
3158,2021,M,18
3159,2022,M,18
3160,2020,F,18
3161,2020,M,20
3162,2020,M,18
3163,2020,M,18
3164,2022,M,20
3165,2021,M,20
3166,2020,M,18
3167,2020,M,19
3168,2021,F,18
3169,2020,M,18
3170,2022,M,18
3171,2021,M,19
3172,2021,F,18
3173,2020,F,20
3174,2020,M,18
3175,2020,M,19
3176,2021,F,18
3177,2021,M,19
3178,2021,M,19
3179,2020,F,20
3180,2021,F,19
3181,2022,M,20
3182,2021,M,20
3183,2022,M,18
3184,2021,F,18
3185,2020,F,18
3186,2022,M,18
3187,2022,F,18
3188,2022,M,19
3189,2021,F,18
3190,2021,F,19
3191,2020,M,18
3192,2020,F,18
3193,2022,M,18
3194,2021,F,18
3195,2020,M,20
3196,2021,F,18
3197,2021,F,20
3198,2020,M,20
3199,2021,M,20
3200,2021,F,19
3201,2022,F,19
3202,2021,M,19
3203,2020,M,20
3204,2022,M,20
3205,2020,M,20
3206,2020,M,19
3207,2022,M,20
3208,2022,M,20
3209,2021,F,19
3210,2022,M,20
3211,2022,F,20
3212,2020,F,20
3213,2022,M,18
3214,2022,F,20
3215,2020,F,20
3216,2021,M,20
3217,2022,F,18
3218,2021,M,20
3219,2022,F,20
3220,2020,M,19
3221,2022,F,20
3222,2021,F,20
3223,2021,F,19
3224,2020,M,18
3225,2022,M,20
3226,2020,M,18
3227,2020,F,20
3228,2021,M,19
3229,2020,M,18
3230,2021,M,20
3231,2020,M,18
3232,2020,M,18
3233,2020,M,18
3234,2022,F,18
3235,2022,M,18
3236,2020,F,20
3237,2021,M,19
3238,2021,F,20
3239,2020,M,19
3240,2021,F,20
3241,2020,M,18
3242,2021,F,20
3243,2021,M,20
3244,2021,M,19
3245,2020,F,19
3246,2021,M,18
3247,2021,M,20
3248,2021,F,20
3249,2022,M,18
3250,2020,M,18
3251,2020,M,20
3252,2021,M,19
3253,2020,M,18
3254,2021,F,18
3255,2021,M,20
3256,2022,M,20
3257,2020,M,19
3258,2020,F,19
3259,2020,M,20
3260,2020,F,19
3261,2021,M,18
3262,2020,M,18
3263,2022,F,19
3264,2020,M,18
3265,2020,M,18
3266,2020,M,20
3267,2021,M,19
3268,2021,M,20
3269,2021,M,18
3270,2021,M,20
3271,2020,F,20
3272,2020,F,20
3273,2021,F,18
3274,2021,M,20
3275,2022,F,19
3276,2020,M,20
3277,2021,M,20
3278,2020,F,19
3279,2020,M,19
3280,2021,F,19
3281,2021,M,19
3282,2020,M,20
3283,2020,M,20
3284,2020,F,18
3285,2020,F,20
3286,2021,M,20
3287,2020,F,18
3288,2021,F,20
3289,2022,F,18
3290,2022,M,20
3291,2020,F,19
3292,2022,M,19
3293,2022,F,20
3294,2021,M,20
3295,2020,F,20
3296,2021,M,18
3297,2022,M,19
3298,2020,F,18
3299,2020,M,19
3300,2021,M,20
3301,2020,F,18
3302,2020,M,19
3303,2021,M,20
3304,2022,F,19
3305,2022,F,19
3306,2021,M,18
3307,2021,M,18
3308,2021,M,20
3309,2021,M,18
3310,2022,M,18
3311,2022,F,18
3312,2020,M,20
3313,2021,F,20
3314,2022,M,20
3315,2021,F,19
3316,2022,F,20
3317,2021,M,18
3318,2022,F,20
3319,2020,M,20
3320,2020,F,18
3321,2022,M,20
3322,2021,M,20
3323,2021,F,18
3324,2022,M,19
3325,2022,M,18
3326,2020,M,18
3327,2020,M,20
3328,2021,M,18
3329,2022,M,20
3330,2022,M,18
3331,2020,F,18
3332,2021,M,18
3333,2022,M,19
3334,2021,M,19
3335,2022,M,18
3336,2021,M,20
3337,2021,M,20
3338,2022,M,18
3339,2022,F,18
3340,2020,M,19
3341,2021,F,18
3342,2022,M,18
3343,2022,F,20
3344,2020,M,18
3345,2022,M,18
3346,2021,M,20
3347,2022,M,18
3348,2022,M,20
3349,2020,M,20
3350,2020,F,19
3351,2022,F,18
3352,2022,M,20
3353,2021,M,18
3354,2020,F,18
3355,2021,F,18
3356,2021,M,19
3357,2020,M,19
3358,2021,M,19
3359,2021,M,19
3360,2021,M,18
3361,2020,M,20
3362,2021,F,19
3363,2022,M,20
3364,2020,M,18
3365,2020,M,20
3366,2020,M,18
3367,2022,F,19
3368,2022,F,19
3369,2022,M,19
3370,2020,F,18
3371,2022,F,18
3372,2021,F,18
3373,2021,F,20
3374,2021,F,19
3375,2020,F,18
3376,2020,M,20
3377,2021,M,20
3378,2020,F,18
3379,2022,M,20
3380,2022,M,20
3381,2021,F,20
3382,2022,M,20
3383,2020,M,18
3384,2022,F,18
3385,2020,M,18
3386,2021,F,20
3387,2021,M,20
3388,2022,M,18
3389,2020,M,19
3390,2022,F,18
3391,2020,M,20
3392,2020,F,19
3393,2020,F,19
3394,2020,F,19
3395,2022,M,20
3396,2020,F,20
3397,2022,M,20
3398,2021,M,18
3399,2020,M,18
3400,2020,M,19
3401,2021,F,18
3402,2020,M,19
3403,2021,F,20
3404,2020,F,20
3405,2020,M,20
3406,2020,F,19
3407,2021,M,19
3408,2022,F,18
3409,2022,M,19
3410,2020,F,18
3411,2021,M,19
3412,2021,M,19
3413,2022,F,19
3414,2021,M,18
3415,2021,F,19
3416,2022,F,18
3417,2022,M,20
3418,2022,M,18
3419,2022,F,19
3420,2022,M,18
3421,2022,M,18
3422,2020,M,18
3423,2020,M,19
3424,2021,F,20
3425,2021,M,19
3426,2022,F,19
3427,2022,M,19
3428,2021,M,19
3429,2020,M,18
3430,2020,M,20
3431,2020,M,20
3432,2021,M,19
3433,2022,F,19
3434,2022,M,18
3435,2021,M,19
3436,2020,M,18
3437,2021,M,19
3438,2020,F,20
3439,2022,M,19
3440,2022,F,18
3441,2022,M,20
3442,2022,M,19
3443,2020,M,18
3444,2020,F,18
3445,2021,F,19
3446,2022,M,20
3447,2020,M,19
3448,2021,F,18
3449,2022,M,19
3450,2020,M,20
3451,2021,M,19
3452,2022,M,20
3453,2021,M,19
3454,2022,M,19
3455,2022,M,18
3456,2020,M,18
3457,2020,F,19
3458,2022,M,19
3459,2021,M,19
3460,2022,M,20
3461,2021,M,19
3462,2020,F,19
3463,2020,M,18
3464,2020,M,18
3465,2020,F,20
3466,2021,F,20
3467,2022,M,20
3468,2021,M,19
3469,2020,M,18
3470,2022,F,20
3471,2020,M,19
3472,2021,F,19
3473,2022,M,20
3474,2020,F,20
3475,2021,F,20
3476,2020,M,18
3477,2022,M,20
3478,2021,F,19
3479,2020,M,19
3480,2020,M,20
3481,2020,F,18
3482,2022,M,19
3483,2022,F,20
3484,2020,F,20
3485,2021,F,18
3486,2022,F,20
3487,2020,M,20
3488,2020,M,20
3489,2021,M,18
3490,2020,M,18
3491,2022,M,19
3492,2020,M,19
3493,2021,M,20
3494,2022,M,18
3495,2020,M,19
3496,2022,M,18
3497,2020,M,19
3498,2022,M,20
3499,2022,M,18
3500,2020,M,18
3501,2022,M,18
3502,2022,F,18
3503,2022,M,18
3504,2022,F,18
3505,2020,M,19
3506,2021,M,18
3507,2022,M,20
3508,2022,M,19
3509,2020,M,19
3510,2021,M,19
3511,2020,F,20
3512,2020,M,18
3513,2022,F,18
3514,2021,M,18
3515,2020,F,20
3516,2021,M,19
3517,2021,M,18
3518,2021,M,18
3519,2021,M,19
3520,2021,M,18
3521,2020,M,18
3522,2022,M,19
3523,2021,M,20
3524,2020,M,18
3525,2022,F,19
3526,2022,F,20
3527,2022,M,20
3528,2020,M,18
3529,2020,M,19
3530,2020,M,20
3531,2022,M,18
3532,2020,M,19
3533,2022,M,19
3534,2021,M,19
3535,2020,M,18
3536,2020,M,18
3537,2021,M,19
3538,2020,M,19
3539,2021,F,20
3540,2022,M,18
3541,2020,M,20
3542,2022,M,18
3543,2022,M,20
3544,2021,M,20
3545,2021,M,20
3546,2022,M,20
3547,2021,F,18
3548,2020,M,19
3549,2021,M,20
3550,2022,F,20
3551,2021,M,20
3552,2020,M,18
3553,2020,M,18
3554,2020,F,20
3555,2020,M,19
3556,2022,F,19
3557,2020,F,20
3558,2020,M,20
3559,2021,M,20
3560,2022,M,20
3561,2022,M,18
3562,2021,M,19
3563,2022,M,18
3564,2020,F,20
3565,2021,M,19
3566,2022,M,20
3567,2022,F,20
3568,2022,M,18
3569,2022,F,20
3570,2020,F,20
3571,2021,F,18
3572,2021,F,20
3573,2020,M,19
3574,2020,M,19
3575,2022,M,19
3576,2022,M,18
3577,2020,F,18
3578,2020,M,19
3579,2022,M,18
3580,2021,M,18
3581,2020,M,18
3582,2022,M,19
3583,2022,M,20
3584,2020,F,19
3585,2022,M,18
3586,2021,M,19
3587,2022,M,18
3588,2020,M,18
3589,2022,M,18
3590,2021,M,19
3591,2021,F,19
3592,2020,M,18
3593,2021,M,19
3594,2022,F,20
3595,2022,F,19
3596,2022,M,20
3597,2022,F,19
3598,2020,M,20
3599,2022,M,20
3600,2022,M,20
3601,2020,F,19
3602,2021,M,18
3603,2020,M,18
3604,2022,F,19
3605,2022,F,18
3606,2021,M,19
3607,2022,F,20
3608,2022,F,18
3609,2020,F,18
3610,2020,F,18
3611,2022,F,18
3612,2022,F,19
3613,2022,M,20
3614,2021,F,18
3615,2022,M,20
3616,2021,M,20
3617,2022,F,18
3618,2021,M,20
3619,2020,M,20
3620,2021,M,19
3621,2022,M,20
3622,2020,M,18
3623,2020,F,18
3624,2022,M,19
3625,2022,M,20
3626,2021,F,19
3627,2022,M,18
3628,2021,M,18
3629,2021,M,20
3630,2021,M,20
3631,2021,M,20
3632,2022,M,20
3633,2021,M,20
3634,2022,F,18
3635,2021,M,20
3636,2021,M,18
3637,2020,M,20
3638,2020,M,18
3639,2022,M,19
3640,2022,M,20
3641,2022,M,20
3642,2020,M,19
3643,2022,M,19
3644,2020,F,18
3645,2022,M,19
3646,2020,M,19
3647,2020,M,20
3648,2021,M,18
3649,2020,M,18
3650,2020,F,19
3651,2022,M,19
3652,2022,F,20
3653,2022,M,18
3654,2021,M,20
3655,2020,F,19
3656,2021,F,19
3657,2020,M,18
3658,2021,F,19
3659,2021,M,18
3660,2020,M,18
3661,2022,F,18
3662,2020,M,18
3663,2021,M,19
3664,2022,F,18
3665,2021,M,18
3666,2022,F,18
3667,2020,M,18
3668,2021,M,19
3669,2021,M,20
3670,2020,M,18
3671,2021,F,18
3672,2022,F,20
3673,2022,F,18
3674,2022,M,20
3675,2020,M,19
3676,2021,M,20
3677,2022,F,20
3678,2022,F,19
3679,2020,M,19
3680,2021,M,19
3681,2021,F,20
3682,2020,M,18
3683,2020,M,20
3684,2021,F,20
3685,2021,F,18
3686,2022,M,18
3687,2021,F,18
3688,2020,F,20
3689,2020,F,18
3690,2020,F,20
3691,2022,M,18
3692,2022,M,20
3693,2022,F,20
3694,2022,M,19
3695,2020,F,19
3696,2020,M,19
3697,2021,F,18
3698,2020,M,20
3699,2022,M,18
3700,2022,M,18
3701,2022,F,19
3702,2021,M,20
3703,2020,M,20
3704,2021,M,20
3705,2020,M,20
3706,2021,F,20
3707,2021,M,20
3708,2021,M,18
3709,2021,F,18
3710,2021,M,19
3711,2020,M,19
3712,2022,M,18
3713,2021,M,20
3714,2021,M,19
3715,2022,M,18
3716,2022,F,19
3717,2022,M,19
3718,2022,F,19
3719,2020,F,18
3720,2021,F,20
3721,2022,M,18
3722,2021,F,20
3723,2021,M,19
3724,2020,M,18
3725,2020,F,20
3726,2021,M,19
3727,2020,M,18
3728,2022,M,18
3729,2021,M,20
3730,2021,F,19
3731,2020,F,20
3732,2022,F,18
3733,2022,M,19
3734,2021,M,18
3735,2022,M,18
3736,2020,M,20
3737,2020,M,20
3738,2022,M,20
3739,2021,M,20
3740,2022,M,19
3741,2022,M,20
3742,2021,F,20
3743,2022,M,19
3744,2021,M,20
3745,2020,M,19
3746,2021,M,20
3747,2021,M,19
3748,2022,M,18
3749,2022,M,20
3750,2022,M,18
3751,2022,F,20
3752,2022,M,19
3753,2021,M,19
3754,2020,M,20
3755,2020,F,20
3756,2022,M,19
3757,2022,M,18
3758,2022,M,20
3759,2022,F,19
3760,2022,M,18
3761,2022,M,20
3762,2022,M,18
3763,2021,M,20
3764,2021,M,19
3765,2020,M,19
3766,2022,M,18
3767,2020,F,18
3768,2022,F,18
3769,2022,F,18
3770,2021,M,20
3771,2022,F,19
3772,2021,M,19
3773,2020,F,18
3774,2021,F,19
3775,2020,F,18
3776,2021,F,18
3777,2020,M,20
3778,2022,M,18
3779,2022,F,18
3780,2022,M,18
3781,2022,M,18
3782,2022,M,20
3783,2020,M,19
3784,2021,M,19
3785,2020,F,19
3786,2022,F,19
3787,2022,M,18
3788,2020,F,20
3789,2022,M,19
3790,2020,F,18
3791,2022,M,18
3792,2020,M,20
3793,2021,F,19
3794,2020,F,19
3795,2021,F,18
3796,2020,M,19
3797,2022,M,18
3798,2021,F,19
3799,2021,M,19
3800,2021,F,19
3801,2022,M,20
3802,2021,F,18
3803,2020,F,20
3804,2022,M,18
3805,2021,M,19
3806,2022,M,19
3807,2022,M,20
3808,2020,M,19
3809,2020,M,20
3810,2022,M,19
3811,2021,M,20
3812,2021,F,18
3813,2021,M,19
3814,2022,F,20
3815,2020,F,19
3816,2020,M,18
3817,2022,M,20
3818,2020,M,18
3819,2020,F,19
3820,2020,F,20
3821,2022,M,19
3822,2021,M,20
3823,2022,F,18
3824,2022,M,19
3825,2022,M,19
3826,2021,F,19
3827,2021,M,20
3828,2021,M,18
3829,2020,M,19
3830,2022,F,19
3831,2021,M,18
3832,2022,M,19
3833,2020,F,19
3834,2021,F,18
3835,2022,M,18
3836,2022,M,18
3837,2020,M,19
3838,2022,M,19
3839,2020,M,20
3840,2021,M,19
3841,2022,F,20
3842,2020,M,18
3843,2021,M,20
3844,2021,M,19
3845,2020,M,18
3846,2021,M,19
3847,2020,M,18
3848,2020,F,19
3849,2022,F,20
3850,2020,F,18
3851,2020,M,18
3852,2020,M,20
3853,2022,F,20
3854,2022,M,18
3855,2021,M,18
3856,2022,F,20
3857,2020,M,19
3858,2021,M,19
3859,2021,M,19
3860,2020,M,18
3861,2021,F,20
3862,2021,M,19
3863,2020,M,20
3864,2020,F,18
3865,2021,F,18
3866,2020,M,20
3867,2020,M,19
3868,2020,F,18
3869,2022,M,19
3870,2020,F,19
3871,2022,M,20
3872,2021,M,18
3873,2022,M,19
3874,2021,F,18
3875,2020,F,18
3876,2020,M,20
3877,2021,M,18
3878,2021,F,20
3879,2021,F,20
3880,2021,F,19
3881,2021,M,18
3882,2021,M,20
3883,2020,M,19
3884,2021,M,20
3885,2022,M,18
3886,2022,M,20
3887,2020,F,18
3888,2022,M,18
3889,2021,M,20
3890,2021,M,19
3891,2020,M,20
3892,2020,M,19
3893,2021,M,18
3894,2021,M,18
3895,2022,F,20
3896,2020,M,19
3897,2020,M,18
3898,2022,M,19
3899,2021,F,19
3900,2021,F,19
3901,2020,F,19
3902,2022,F,19
3903,2022,F,20
3904,2021,M,19
3905,2020,F,19
3906,2021,F,18
3907,2021,F,20
3908,2020,M,18
3909,2022,F,18
3910,2020,F,20
3911,2022,F,20
3912,2022,F,19
3913,2022,F,19
3914,2020,M,20
3915,2022,M,19
3916,2022,M,19
3917,2022,F,19
3918,2022,M,18
3919,2020,F,20
3920,2021,M,19
3921,2021,F,18
3922,2020,M,19
3923,2020,M,20
3924,2021,M,18
3925,2020,F,20
3926,2021,M,19
3927,2022,F,19
3928,2021,M,20
3929,2020,F,18
3930,2020,M,20
3931,2020,M,19
3932,2021,M,19
3933,2022,F,18
3934,2020,F,19
3935,2020,M,19
3936,2022,F,19
3937,2022,M,19
3938,2020,M,20
3939,2020,M,19
3940,2020,M,20
3941,2021,M,20
3942,2021,F,19
3943,2020,M,20
3944,2022,M,18
3945,2022,M,19
3946,2021,M,20
3947,2022,M,19
3948,2021,F,19
3949,2021,M,20
3950,2020,M,19
3951,2020,M,20
3952,2021,M,19
3953,2020,M,18
3954,2020,F,20
3955,2022,M,19
3956,2020,M,19
3957,2020,M,20
3958,2022,M,20
3959,2020,F,18
3960,2022,M,19
3961,2020,F,18
3962,2022,M,19
3963,2021,M,19
3964,2020,M,18
3965,2022,F,20
3966,2020,M,19
3967,2022,F,18
3968,2022,M,20
3969,2020,M,19
3970,2021,M,20
3971,2022,F,19
3972,2021,F,19
3973,2021,F,20
3974,2022,M,18
3975,2022,M,20
3976,2020,M,18
3977,2020,M,19
3978,2021,M,20
3979,2020,M,19
3980,2021,M,18
3981,2022,M,18
3982,2020,F,18
3983,2022,M,20
3984,2022,F,20
3985,2021,F,18
3986,2022,M,19
3987,2021,F,18
3988,2022,F,18
3989,2021,F,18
3990,2020,F,20
3991,2021,F,18
3992,2020,M,19
3993,2020,F,18
3994,2020,M,20
3995,2021,F,18
3996,2020,F,19
3997,2020,M,20
3998,2020,M,19
3999,2020,M,19
4000,2022,M,20
4001,2022,M,18
4002,2022,M,20
4003,2021,M,20
4004,2021,F,18
4005,2022,F,18
4006,2021,M,18
4007,2020,M,18
4008,2021,F,18
4009,2020,M,18
4010,2020,F,20
4011,2021,M,18
4012,2021,M,20
4013,2021,F,18
4014,2021,M,18
4015,2021,F,19
4016,2022,M,20
4017,2021,F,19
4018,2022,M,19
4019,2021,M,18
4020,2022,M,20
4021,2022,F,19
4022,2020,M,18
4023,2022,M,20
4024,2022,M,18
4025,2021,F,18
4026,2020,M,18
4027,2021,M,19
4028,2021,M,19
4029,2022,M,19
4030,2020,M,19
4031,2022,F,18
4032,2020,M,19
4033,2020,F,18
4034,2021,F,19
4035,2021,M,19
4036,2021,M,18
4037,2020,M,20
4038,2021,F,18
4039,2022,F,20
4040,2021,M,20
4041,2022,M,20
4042,2021,F,20
4043,2022,M,18
4044,2021,M,20
4045,2020,M,20
4046,2021,M,18
4047,2022,F,20
4048,2021,F,19
4049,2020,F,19
4050,2020,M,20
4051,2020,F,20
4052,2020,M,18
4053,2020,F,20
4054,2021,M,18
4055,2022,F,18
4056,2022,M,18
4057,2021,M,19
4058,2022,F,20
4059,2021,M,19
4060,2021,F,18
4061,2021,M,19
4062,2020,M,18
4063,2022,M,20
4064,2022,M,18
4065,2021,M,20
4066,2020,M,19
4067,2020,M,19
4068,2022,F,20
4069,2020,M,19
4070,2022,F,20
4071,2020,M,18
4072,2020,M,19
4073,2021,F,20
4074,2020,M,18
4075,2022,F,19
4076,2022,M,19
4077,2020,M,19
4078,2020,M,20
4079,2020,F,19
4080,2020,M,18
4081,2021,M,20
4082,2021,F,20
4083,2022,F,19
4084,2020,M,20
4085,2022,M,18
4086,2020,F,19
4087,2022,M,19
4088,2022,M,18
4089,2021,F,18
4090,2021,M,18
4091,2020,M,20
4092,2022,M,20
4093,2022,M,19
4094,2022,M,18
4095,2021,M,18
4096,2022,F,18
4097,2020,F,18
4098,2022,M,19
4099,2022,F,19
4100,2020,F,20
4101,2021,M,19
4102,2022,M,18
4103,2022,M,20
4104,2020,F,19
4105,2021,F,19
4106,2020,F,20
4107,2021,M,19
4108,2021,M,18
4109,2021,F,18
4110,2022,F,20
4111,2020,M,18
4112,2021,F,20
4113,2022,F,19
4114,2022,M,18
4115,2020,M,20
4116,2021,M,19
4117,2021,M,20
4118,2021,F,20
4119,2022,F,18
4120,2022,M,20
4121,2020,M,18
4122,2021,M,19
4123,2021,F,19
4124,2022,F,18
4125,2021,M,19
4126,2022,F,19
4127,2022,F,20
4128,2020,M,19
4129,2021,M,20
4130,2021,F,18
4131,2021,M,20
4132,2020,F,20
4133,2021,M,20
4134,2022,M,19
4135,2021,M,19
4136,2020,M,19
4137,2022,F,18
4138,2020,F,18
4139,2021,M,18
4140,2020,M,20
4141,2020,M,20
4142,2021,M,18
4143,2022,F,19
4144,2020,M,18
4145,2020,M,19
4146,2020,M,20
4147,2022,M,18
4148,2020,F,20
4149,2020,M,19
4150,2022,F,18
4151,2021,F,20
4152,2022,M,19
4153,2020,M,18
4154,2021,F,20
4155,2020,M,18
4156,2022,M,18
4157,2020,M,18
4158,2021,F,18
4159,2021,M,20
4160,2021,F,19
4161,2020,M,20
4162,2022,M,19
4163,2022,F,18
4164,2021,F,20
4165,2021,M,18
4166,2021,M,18
4167,2020,F,18
4168,2022,M,19
4169,2022,F,20
4170,2020,M,20
4171,2020,M,18
4172,2021,M,20
4173,2022,M,19
4174,2022,M,20
4175,2022,F,19
4176,2022,F,19
4177,2022,M,18
4178,2020,M,18
4179,2020,M,20
4180,2021,M,20
4181,2022,M,19
4182,2020,F,18
4183,2021,M,18
4184,2021,M,20
4185,2022,M,20
4186,2022,M,18
4187,2020,F,19
4188,2020,F,18
4189,2020,M,18
4190,2022,M,20
4191,2022,M,19
4192,2022,F,19
4193,2020,M,18
4194,2020,F,20
4195,2021,M,19
4196,2020,M,20
4197,2021,F,18
4198,2021,M,19
4199,2020,M,19
4200,2022,M,19
4201,2021,M,19
4202,2022,M,18
4203,2020,M,19
4204,2021,F,18
4205,2022,M,19
4206,2020,M,20
4207,2022,M,18
4208,2021,M,20
4209,2021,F,18
4210,2021,M,18
4211,2021,F,19
4212,2020,M,20
4213,2021,M,19
4214,2020,M,20
4215,2022,M,18
4216,2021,F,19
4217,2021,F,19
4218,2021,M,20
4219,2020,M,18
4220,2021,M,18
4221,2021,M,18
4222,2020,M,18
4223,2021,M,19
4224,2022,M,20
4225,2022,M,19
4226,2021,M,18
4227,2020,F,18
4228,2020,M,19
4229,2021,M,20
4230,2022,M,19
4231,2022,M,19
4232,2020,M,19
4233,2022,F,19
4234,2022,M,20
4235,2022,M,18
4236,2020,M,19
4237,2022,F,19
4238,2022,M,20
4239,2020,M,19
4240,2021,F,20
4241,2020,M,19
4242,2021,F,20
4243,2021,F,19
4244,2020,F,20
4245,2022,M,20
4246,2021,M,18
4247,2021,F,18
4248,2021,M,19
4249,2022,M,20
4250,2020,F,20
4251,2022,M,20
4252,2021,M,18
4253,2022,M,18
4254,2020,F,20
4255,2020,F,18
4256,2022,M,18
4257,2020,M,20
4258,2021,F,20
4259,2020,M,20
4260,2021,F,20
4261,2022,F,18
4262,2022,M,18
4263,2020,M,20
4264,2020,F,18
4265,2022,F,18
4266,2020,F,19
4267,2021,M,20
4268,2020,M,18
4269,2020,M,20
4270,2020,F,18
4271,2022,M,18
4272,2020,F,19
4273,2020,M,20
4274,2022,F,20
4275,2020,F,19
4276,2022,F,20
4277,2020,M,18
4278,2022,M,20
4279,2020,M,18
4280,2022,M,20
4281,2021,M,20
4282,2020,F,19
4283,2020,M,19
4284,2020,M,19
4285,2022,M,20
4286,2022,M,20
4287,2021,F,19
4288,2022,F,19
4289,2022,M,20
4290,2022,M,18
4291,2020,F,20
4292,2021,M,19
4293,2022,M,20
4294,2021,M,19
4295,2021,M,20
4296,2021,M,19
4297,2021,M,19
4298,2021,F,20
4299,2021,M,20
4300,2022,M,19
4301,2022,M,18
4302,2022,M,18
4303,2020,F,20
4304,2022,M,20
4305,2021,M,19
4306,2022,M,20
4307,2020,M,19
4308,2021,M,18
4309,2021,M,20
4310,2020,F,18
4311,2020,M,19
4312,2021,F,20
4313,2020,M,18
4314,2022,M,20
4315,2022,M,19
4316,2021,M,18
4317,2020,M,18
4318,2021,M,20
4319,2022,M,20
4320,2020,M,19
4321,2020,M,18
4322,2020,M,19
4323,2021,M,20
4324,2020,M,18
4325,2022,M,18
4326,2021,F,19
4327,2021,M,20
4328,2021,M,19
4329,2020,F,18
4330,2021,M,18
4331,2020,M,18
4332,2022,M,18
4333,2021,M,18
4334,2020,M,20
4335,2021,M,20
4336,2021,F,18
4337,2021,M,18
4338,2021,M,19
4339,2022,F,20
4340,2020,M,19
4341,2020,M,18
4342,2020,M,18
4343,2021,M,18
4344,2022,M,20
4345,2021,F,20
4346,2020,F,18
4347,2022,M,19
4348,2022,F,18
4349,2021,F,18
4350,2020,M,19
4351,2022,M,19
4352,2020,M,20
4353,2020,M,20
4354,2022,F,20
4355,2020,M,19
4356,2021,M,18
4357,2021,M,19
4358,2020,M,18
4359,2020,F,19
4360,2021,F,18
4361,2020,M,19
4362,2021,M,18
4363,2020,M,20
4364,2022,M,18
4365,2020,M,19
4366,2020,M,18
4367,2022,F,20
4368,2021,M,20
4369,2020,F,20
4370,2020,F,19
4371,2021,M,20
4372,2020,M,20
4373,2021,M,20
4374,2021,M,20
4375,2021,M,19
4376,2020,M,20
4377,2021,M,19
4378,2021,M,19
4379,2022,F,19
4380,2022,M,18
4381,2021,M,18
4382,2021,F,18
4383,2020,M,18
4384,2022,F,18
4385,2021,F,18
4386,2022,M,18
4387,2021,M,19
4388,2021,M,19
4389,2021,M,18
4390,2021,M,18
4391,2022,F,20
4392,2022,M,19
4393,2021,F,18
4394,2020,F,19
4395,2020,F,19
4396,2022,F,18
4397,2022,M,18
4398,2020,M,18
4399,2022,F,19
4400,2020,F,20
4401,2022,M,19
4402,2022,M,18
4403,2021,F,18
4404,2020,F,20
4405,2022,M,19
4406,2021,F,19
4407,2020,M,18
4408,2020,M,18
4409,2022,F,18
4410,2020,M,20
4411,2020,M,20
4412,2021,M,19
4413,2020,M,19
4414,2020,M,20
4415,2022,M,20
4416,2021,M,18
4417,2022,M,18
4418,2021,F,20
4419,2020,F,20
4420,2020,F,20
4421,2021,M,20
4422,2021,M,20
4423,2020,M,18
4424,2021,M,20
4425,2022,F,20
4426,2020,M,19
4427,2022,M,20
4428,2020,M,19
4429,2020,M,18
4430,2021,M,18
4431,2021,M,18
4432,2021,M,19
4433,2020,M,18
4434,2021,M,19
4435,2020,M,20
4436,2021,F,20
4437,2022,F,18
4438,2022,F,20
4439,2020,M,19
4440,2022,M,18
4441,2020,F,18
4442,2021,M,19
4443,2020,M,19
4444,2021,F,18
4445,2021,M,19
4446,2021,M,20
4447,2021,M,20
4448,2021,M,18
4449,2020,M,18
4450,2020,M,20
4451,2021,M,20
4452,2022,F,20
4453,2021,M,19
4454,2021,M,18
4455,2020,M,19
4456,2021,M,20
4457,2020,M,19
4458,2020,F,19
4459,2021,F,20
4460,2022,M,19
4461,2022,M,20
4462,2020,M,18
4463,2020,M,19
4464,2021,F,20
4465,2022,F,20
4466,2020,F,20
4467,2020,F,20
4468,2020,M,20
4469,2022,F,20
4470,2021,F,19
4471,2020,M,19
4472,2020,F,19
4473,2022,M,19
4474,2020,M,20
4475,2021,M,19
4476,2020,F,19
4477,2021,M,20
4478,2020,F,18
4479,2022,M,18
4480,2022,M,18
4481,2022,M,20
4482,2021,F,19
4483,2020,F,18
4484,2020,F,20
4485,2021,M,18
4486,2020,M,19
4487,2021,M,19
4488,2021,M,19
4489,2020,M,20
4490,2021,F,19
4491,2022,F,20
4492,2021,M,19
4493,2022,M,20
4494,2020,M,19
4495,2022,F,20
4496,2022,M,18
4497,2021,F,18
4498,2020,M,20
4499,2020,M,19
4500,2022,F,18
4501,2021,M,18
4502,2020,M,19
4503,2021,M,19
4504,2021,M,19
4505,2021,M,20
4506,2020,M,19
4507,2021,F,18
4508,2020,M,20
4509,2021,F,20
4510,2022,M,19
4511,2022,M,19
4512,2021,M,20
4513,2022,F,18
4514,2021,M,19
4515,2020,F,20
4516,2022,M,20
4517,2022,M,20
4518,2021,F,18
4519,2020,F,20
4520,2021,M,19
4521,2021,M,19
4522,2021,F,18
4523,2022,M,20
4524,2021,F,18
4525,2022,M,19
4526,2022,F,20
4527,2022,F,19
4528,2022,F,18
4529,2022,M,19
4530,2021,M,20
4531,2020,M,20
4532,2021,M,19
4533,2020,M,20
4534,2020,M,18
4535,2022,M,18
4536,2020,F,19
4537,2021,M,19
4538,2020,M,20
4539,2022,F,20
4540,2021,M,18
4541,2020,F,20
4542,2022,F,19
4543,2020,F,18
4544,2020,F,18
4545,2020,M,20
4546,2022,M,20
4547,2020,F,19
4548,2022,M,19
4549,2022,M,18
4550,2020,M,18
4551,2022,F,20
4552,2020,M,19
4553,2020,F,19
4554,2020,M,20
4555,2022,F,18
4556,2021,M,19
4557,2022,F,20
4558,2022,M,20
4559,2020,M,20
4560,2021,F,18
4561,2020,F,18
4562,2022,M,18
4563,2020,M,19
4564,2020,F,19
4565,2021,M,18
4566,2022,M,18
4567,2021,M,18
4568,2020,M,18
4569,2022,F,19
4570,2022,M,19
4571,2021,F,18
4572,2020,F,20
4573,2021,F,18
4574,2022,F,20
4575,2022,M,19
4576,2020,F,19
4577,2022,M,20
4578,2020,M,19
4579,2022,M,18
4580,2020,M,20
4581,2021,M,19
4582,2022,M,19
4583,2021,M,19
4584,2021,M,20
4585,2022,M,18
4586,2021,F,19
4587,2021,M,20
4588,2022,F,18
4589,2020,M,20
4590,2020,M,18
4591,2022,F,20
4592,2020,F,20
4593,2020,M,18
4594,2020,M,18
4595,2022,F,19
4596,2021,M,20
4597,2020,F,18
4598,2022,F,19
4599,2020,M,18
4600,2021,M,18
4601,2020,F,20
4602,2021,M,19
4603,2022,M,18
4604,2020,F,19
4605,2020,M,20
4606,2022,M,19
4607,2022,M,18
4608,2021,M,18
4609,2022,F,20
4610,2022,F,18
4611,2022,M,20
4612,2020,F,18
4613,2022,M,18
4614,2022,F,18
4615,2022,F,19
4616,2020,M,18
4617,2020,F,20
4618,2020,M,18
4619,2020,M,18
4620,2020,M,18
4621,2020,M,20
4622,2020,M,20
4623,2022,M,18
4624,2022,M,18
4625,2020,F,19
4626,2021,F,19
4627,2021,F,18
4628,2020,M,19
4629,2020,M,20
4630,2021,M,18
4631,2020,M,18
4632,2022,M,19
4633,2022,M,20
4634,2021,M,20
4635,2021,F,18
4636,2022,M,19
4637,2021,M,19
4638,2021,M,20
4639,2020,F,20
4640,2021,F,20
4641,2021,M,20
4642,2022,M,18
4643,2021,M,20
4644,2021,M,18
4645,2022,M,20
4646,2022,M,18
4647,2022,M,19
4648,2020,F,20
4649,2020,M,20
4650,2021,M,19
4651,2020,F,20
4652,2021,F,20
4653,2021,M,18
4654,2020,M,18
4655,2020,M,18
4656,2021,M,20
4657,2021,M,18
4658,2020,F,19
4659,2022,M,19
4660,2021,M,19
4661,2020,F,18
4662,2022,M,18
4663,2021,M,19
4664,2020,M,20
4665,2020,M,19
4666,2021,F,20
4667,2021,F,19
4668,2022,M,20
4669,2020,F,20
4670,2020,F,19
4671,2022,M,18
4672,2020,M,19
4673,2020,M,19
4674,2022,M,19
4675,2022,M,19
4676,2021,M,20
4677,2020,M,18
4678,2022,M,18
4679,2021,M,18
4680,2021,F,18
4681,2022,M,20
4682,2020,M,19
4683,2022,F,20
4684,2020,M,19
4685,2021,M,18
4686,2020,M,18
4687,2022,M,20
4688,2021,M,19
4689,2022,F,18
4690,2020,F,20
4691,2021,M,18
4692,2021,M,19
4693,2022,F,18
4694,2022,M,18
4695,2020,M,18
4696,2020,F,18
4697,2020,F,20
4698,2022,F,19
4699,2021,M,20
4700,2020,F,19
4701,2021,M,20
4702,2022,M,20
4703,2021,M,20
4704,2022,M,18
4705,2021,M,19
4706,2020,F,19
4707,2021,M,19
4708,2022,M,18
4709,2022,M,18
4710,2020,M,20
4711,2021,M,18
4712,2020,M,19
4713,2020,M,19
4714,2022,F,20
4715,2021,F,18
4716,2021,M,18
4717,2020,M,19
4718,2022,M,18
4719,2021,M,20
4720,2022,M,18
4721,2022,F,18
4722,2022,M,20
4723,2021,M,18
4724,2022,M,20
4725,2022,M,19
4726,2021,M,18
4727,2022,M,18
4728,2022,F,20
4729,2022,F,20
4730,2022,F,20
4731,2022,F,20
4732,2020,M,20
4733,2022,F,18
4734,2022,F,19
4735,2022,M,18
4736,2021,F,18
4737,2020,F,19
4738,2022,M,18
4739,2020,F,20
4740,2022,F,18
4741,2022,M,18
4742,2022,M,19
4743,2021,M,18
4744,2020,M,18
4745,2021,F,19
4746,2021,M,18
4747,2020,M,18
4748,2022,M,19
4749,2020,F,18
4750,2020,M,19
4751,2020,F,20
4752,2021,F,19
4753,2022,M,19
4754,2022,F,20
4755,2022,M,18
4756,2020,M,20
4757,2021,M,20
4758,2021,M,19
4759,2020,F,18
4760,2022,M,19
4761,2021,F,19
4762,2022,M,20
4763,2021,F,18
4764,2022,M,20
4765,2022,M,20
4766,2020,M,19
4767,2021,F,18
4768,2021,M,18
4769,2021,F,18
4770,2020,F,20
4771,2021,M,19
4772,2020,F,20
4773,2021,M,20
4774,2022,M,19
4775,2022,M,18
4776,2022,M,18
4777,2020,M,19
4778,2022,F,18
4779,2022,M,20
4780,2020,M,18
4781,2021,M,18
4782,2022,M,19
4783,2020,M,18
4784,2020,F,18
4785,2020,M,19
4786,2022,M,18
4787,2020,M,20
4788,2020,M,18
4789,2022,M,20
4790,2021,M,18
4791,2022,F,19
4792,2020,M,19
4793,2020,F,20
4794,2020,F,19
4795,2020,M,18
4796,2020,F,18
4797,2021,M,20
4798,2021,F,18
4799,2020,F,18
4800,2020,M,20
4801,2020,F,20
4802,2020,M,18
4803,2022,M,19
4804,2022,F,20
4805,2022,F,20
4806,2020,M,18
4807,2020,M,20
4808,2021,M,19
4809,2022,M,18
4810,2021,F,18
4811,2021,F,18
4812,2021,F,18
4813,2020,M,18
4814,2022,M,18
4815,2020,M,19
4816,2020,M,18
4817,2022,F,18
4818,2020,F,19
4819,2021,M,20
4820,2022,M,19
4821,2020,F,18
4822,2020,M,20
4823,2022,M,19
4824,2022,F,19
4825,2021,M,20
4826,2020,F,20
4827,2022,F,20
4828,2020,M,19
4829,2020,M,18
4830,2020,M,18
4831,2021,F,20
4832,2020,F,18
4833,2021,M,20
4834,2020,F,20
4835,2020,F,19
4836,2021,M,18
4837,2020,M,20
4838,2021,M,20
4839,2020,F,20
4840,2021,F,18
4841,2020,M,19
4842,2021,M,18
4843,2022,M,18
4844,2020,F,18
4845,2021,F,20
4846,2021,F,19
4847,2020,M,18
4848,2021,M,18
4849,2021,F,18
4850,2022,M,19
4851,2020,M,19
4852,2021,F,18
4853,2020,M,20
4854,2021,M,20
4855,2020,M,20
4856,2021,M,18
4857,2022,M,18
4858,2022,M,20
4859,2020,M,18
4860,2020,F,19
4861,2022,F,18
4862,2022,M,18
4863,2022,F,19
4864,2020,M,18
4865,2020,M,20
4866,2020,M,18
4867,2021,F,19
4868,2020,F,19
4869,2021,M,20
4870,2020,M,18
4871,2022,M,20
4872,2021,M,19
4873,2022,M,20
4874,2020,F,20
4875,2020,M,19
4876,2020,M,20
4877,2022,M,19
4878,2022,M,20
4879,2022,M,19
4880,2020,M,20
4881,2022,M,18
4882,2022,F,20
4883,2020,F,18
4884,2022,M,19
4885,2020,F,18
4886,2022,M,18
4887,2020,M,18
4888,2021,M,19
4889,2020,M,18
4890,2020,F,20
4891,2021,M,18
4892,2020,M,18
4893,2022,F,19
4894,2021,F,20
4895,2022,M,19
4896,2022,F,18
4897,2022,M,19
4898,2021,M,18
4899,2020,M,19
4900,2022,M,18
4901,2022,M,19
4902,2021,F,18
4903,2020,M,19
4904,2021,F,19
4905,2022,M,18
4906,2022,M,19
4907,2020,M,19
4908,2022,M,20
4909,2020,M,18
4910,2021,M,18
4911,2021,M,18
4912,2021,M,18
4913,2022,M,19
4914,2022,M,18
4915,2022,M,18
4916,2022,M,18
4917,2020,F,20
4918,2021,F,18
4919,2021,F,18
4920,2021,M,19
4921,2020,M,18
4922,2020,F,19
4923,2022,M,20
4924,2020,M,18
4925,2021,F,20
4926,2022,M,19
4927,2020,M,19
4928,2021,M,18
4929,2020,F,18
4930,2020,F,20
4931,2020,M,20
4932,2021,M,20
4933,2022,M,18
4934,2020,M,20
4935,2020,F,19
4936,2022,M,20
4937,2020,F,20
4938,2022,M,19
4939,2020,M,19
4940,2021,F,19
4941,2020,M,20
4942,2022,M,18
4943,2021,M,19
4944,2021,M,19
4945,2022,F,18
4946,2021,M,20
4947,2021,M,19
4948,2021,M,18
4949,2020,F,19
4950,2021,M,20
4951,2020,F,18
4952,2021,F,19
4953,2022,M,19
4954,2021,M,19
4955,2020,M,20
4956,2021,F,19
4957,2021,M,19
4958,2022,F,18
4959,2021,M,19
4960,2021,F,19
4961,2022,M,20
4962,2022,F,19
4963,2022,M,18
4964,2021,M,20
4965,2022,M,20
4966,2022,M,20
4967,2020,M,18
4968,2021,F,19
4969,2020,M,20
4970,2021,F,20
4971,2022,F,18
4972,2022,M,19
4973,2022,M,19
4974,2021,M,18
4975,2022,M,20
4976,2022,F,18
4977,2022,F,19
4978,2022,M,20
4979,2022,F,20
4980,2020,F,18
4981,2020,M,20
4982,2022,M,19
4983,2020,M,20
4984,2022,M,20
4985,2020,F,20
4986,2020,M,20
4987,2022,F,20
4988,2022,M,20
4989,2021,F,20
4990,2021,M,19
4991,2021,F,20
4992,2021,M,19
4993,2022,M,19
4994,2022,M,18
4995,2021,F,19
4996,2021,F,20
4997,2022,M,20
4998,2022,F,20
4999,2020,F,19
5000,2022,F,20
